男,上海,null
女,广东,null
女,江苏,null
男,上海,null
女,湖北,null
男,浙江,1996-09-24
女,其他,1934-05-23
女,北京,1998-12-31
女,四川,1998-03-26
男,北京,null
女,江苏,1998-02-21
女,海外,null
女,天津,null
女,江苏,null
女,广东,null
女,其他,null
女,浙江,null
男,其他,1990-07-14
女,江苏,null
男,北京,null
女,广东,null
男,四川,1997-04-24
男,黑龙,null
女,浙江,2018-12-09
男,北京,1993-04-06
女,天津,1997-04-28
女,山东,1998-11-16
女,甘肃,null
女,黑龙,null
女,四川,null
女,上海,2015-08-22
女,湖北,1993-02-09
女,其他,null
女,海外,null
女,内蒙,1995-02-27
女,海外,2017-11-14
女,河北,1996-01-01
女,其他,2018-08-14
男,湖南,1995-12-06
女,其他,1995-11-21
男,湖南,1995-09-21
男,其他,1984-10-19
男,重庆,1992-12-30
女,江苏,1997-03-20
女,北京,1997-06-10
男,浙江,1994-05-18
女,山东,1997-05-31
女,海外,1998-02-21
女,湖南,1998-03-02
女,安徽,1997-05-10
女,其他,1999-08-07
女,河南,2000-12-09
女,山西,1998-02-15
女,广东,null
女,湖北,1993-10-02
女,贵州,1995-01-05
女,其他,null
男,其他,null
女,山西,1998-02-26
女,北京,1997-09-24
男,北京,1996-12-10
女,其他,null
女,四川,0000-02-24
女,湖南,null
女,海外,null
女,江苏,1999-01-01
女,浙江,null
女,江苏,null
女,山东,null
女,四川,1900-11-17
女,上海,1992-04-16
女,北京,null
女,北京,1989-12-31
女,浙江,1992-12-07
女,山东,1990-08-21
女,北京,null
女,湖北,2017-08-12
女,浙江,null
女,山东,null
女,浙江,null
女,上海,null
女,江苏,1990-03-08
女,其他,null
女,上海,1990-12-16
女,其他,null
女,重庆,1990-02-04
女,其他,null
女,广东,null
女,上海,1994-12-05
女,海外,null
女,山东,null
女,北京,null
女,上海,1991-01-01
女,广东,null
女,其他,1989-07-28
女,广东,1960-03-29
女,其他,1990-01-22
女,四川,1994-12-20
女,其他,null
男,上海,null
女,山东,null
女,重庆,null
女,北京,1998-05-08
女,北京,null
女,广东,null
女,上海,null
男,北京,1990-01-08
女,上海,1994-09-07
女,广东,1995-03-24
女,广东,null
女,北京,null
女,江苏,null
女,其他,null
女,重庆,null
女,广东,null
女,浙江,1991-02-15
女,北京,null
女,江苏,null
女,四川,1998-02-26
女,湖北,1991-12-04
女,海外,1996-09-01
女,江苏,null
女,北京,null
女,北京,1994-11-17
女,上海,1995-04-23
女,广东,null
女,北京,1999-11-18
女,上海,null
女,福建,null
女,上海,null
女,四川,null
女,上海,null
女,浙江,1998-05-10
女,上海,null
女,其他,1995-09-04
女,安徽,1991-02-09
女,海外,2016-01-01
女,广东,1993-04-08
女,福建,null
女,上海,1995-03-05
女,辽宁,null
女,其他,null
女,湖北,null
女,江苏,null
女,四川,null
女,北京,1995-06-29
女,广东,null
女,海外,null
女,辽宁,null
女,其他,1998-03-01
女,江苏,null
女,其他,null
女,北京,null
女,上海,1995-02-26
女,其他,null
女,上海,1994-11-13
女,其他,1998-03-25
女,陕西,1998-09-15
女,上海,1995-02-06
女,重庆,1997-04-22
女,其他,2017-05-16
女,江苏,1995-07-28
女,四川,1970-01-01
女,广东,1996-11-13
女,北京,null
女,上海,1991-12-03
女,其他,null
女,北京,1990-01-01
女,北京,null
女,辽宁,null
女,上海,1996-01-07
女,辽宁,1993-09-08
女,上海,1992-09-26
女,河北,1993-02-11
女,江苏,null
女,上海,1998-07-15
女,湖北,null
女,广东,1994-12-17
女,浙江,1998-07-30
女,北京,null
